Country name,Year,Population,Population of children under the age of 1,Population aged 1 to 4 years,Population aged 5 to 9 years,Population aged 10 to 14 years,Population aged 15 to 19 years,Population aged 20 to 29 years,Population aged 30 to 39 years,Population aged 40 to 49 years,Population aged 50 to 59 years,Population aged 60 to 69 years,Population aged 70 to 79 years,Population aged 80 to 89 years,Population aged 90 to 99 years,Population older than 100 years
afghanistan,2021,40099460,1368682,5121872,5807514,5114941,4694495,7322711,4436619,2897810,1796991,981861,449495,100923,5507,39
africa (un),2021,1393676400,43436140,164013200,187800450,167081660,143907260,230999710,177772130,122385976,80424990,47745744,21808220,5739974,548246,12740
albania,2021,2854710,28218,113175,160362,163040,186356,447033,387422,327815,386685,344488,210056,88902,10943,215
algeria,2021,44177964,946304,3924537,4717581,3979548,3127878,6228986,7224180,5812825,4066716,2527202,1172504,409272,40062,368
american samoa,2021,45056,787,3242,4217,4148,3718,7580,5363,5396,5456,3481,1345,300,23,0
andorra,2021,79057,336,2204,3575,4222,4102,9231,11207,14305,13339,8741,4999,2184,583,29
angola,2021,34503776,1275484,4707921,5201185,4403905,3585944,5470351,4050659,2629840,1710464,963558,393041,104232,7033,159
anguilla,2021,15779,150,650,943,1040,837,1953,3029,2576,2171,1490,705,210,25,0
antigua and barbuda,2021,93229,1123,4188,5625,6606,6435,14431,14130,13036,13160,8559,4133,1480,310,13
argentina,2021,45276788,627545,2705198,3678649,3563789,3478715,7012995,6555225,5896413,4478341,3611069,2377730,1032926,247251,10943
armenia,2021,2790971,34060,148859,207462,179606,161150,384945,481544,311888,328720,337693,127680,76545,10731,88
aruba,2021,106543,807,4136,6139,6813,7028,11804,13471,14638,17028,14723,7502,2275,178,1
asia (un),2021,4694576000,66681124,286596380,376914240,372222340,360713950,716526700,724744500,612111550,545459900,360717800,190833440,70142200,10630656,281309
australia,2021,25921094,298603,1238871,1621610,1603484,1501697,3611925,3838053,3316667,3145062,2717987,1936880,873620,210494,6141
austria,2021,8922086,84112,346736,430697,421943,433730,1080609,1226756,1173497,1392810,1067476,750332,428847,83035,1506
azerbaijan,2021,10312992,127570,577754,914338,847715,684844,1544032,1804539,1329822,1260106,847815,255619,109918,8871,49
bahamas,2021,407920,4631,18572,25502,31339,33124,68929,60214,58937,52281,32675,15107,5632,934,43
bahrain,2021,1463266,17818,79790,105185,95380,78002,209209,386335,253746,143970,67317,19334,6438,735,7
bangladesh,2021,169356240,2957644,11705691,14586077,15550370,16754565,31043512,26400320,20590466,14523667,9489528,4295550,1332664,125460,733
barbados,2021,281204,3018,12066,15496,17679,18186,36952,37557,37923,39238,34617,20105,7393,959,15
belarus,2021,9578172,88439,385274,590938,548345,474450,991005,1538500,1365720,1280626,1283198,647777,326361,56635,904
belgium,2021,11611416,116052,483432,654858,683384,647548,1410119,1521780,1507396,1590275,1382299,966099,525278,120612,2284
belize,2021,400037,7064,30428,38087,37369,39061,76368,62465,45729,32459,19001,8457,3058,484,7
benin,2021,12996901,451776,1684894,1829885,1567264,1357687,2169517,1559376,1047316,697608,397380,182465,48206,3495,32
bermuda,2021,64213,505.99997,2315,3261,3485,3355,6181,7487,9533,10296,9397,5486,2424,471,16
bhutan,2021,777500,9543,41250,61089,65407,71814,153296,145802,95504,62959,41432,21090,7413,889,12
bolivia,2021,12079474,257303.02,1014631,1255455,1231984,1172514,2182938,1803439,1318667,920467,567828,275923,72422,5847,56
bonaire sint eustatius and saba,2021,26730,282,1151,1518,1592,1389,3043,4246,3789,4268,3145,1662,560,85,0
bosnia and herzegovina,2021,3270948,28459,125460,163690,170393,167658,391808,457680,459267,474342,456407,241791,118790,14882,321
botswana,2021,2588424,59559,236980,285753,269681,242030,446588,425691,297437,173537,98807,39117,11826,1386,32
brazil,2021,214326220,2743222,11497391,14707178,15076247,15910174,34042476,34816696,30365092,24684440,17704992,9285972,3213211,276940,2190
british virgin islands,2021,31145,230,934,1504,2070,2081,4268,4928,5556,4806,3062,1350,311,45,0
brunei,2021,445382,6149,25821,34517,33038,33623,68706,76987,69779,52667,30310,10452,3018,312,3
bulgaria,2021,6885864,58299,247827,319575,337956,315161,654049,938439,1039783,958464,929802,721676,323291,41204,338
burkina faso,2021,22100690,749610,2818121,3283185,2893489,2402876,3654549,2631322,1715396,1038261,597049,262737,52510,1584,1
burundi,2021,12551215,422264,1631561,2008802,1747764,1323800,1862597,1612462,960517,497403,311952,137608,32560,1909,16
cambodia,2021,16589031,316916,1296148,1650586,1596826,1460793,2680739,2759400,1635728,1650390,1040066,385431,106637,9297,74
cameroon,2021,27198632,909149,3436673,3815987,3378709,2892874,4604156,3459547,2208439,1337727,715477,333992,97031,8753,118
canada,2021,38155012,373863,1527374,2024758,2077073,2050933,5091867,5330660,4888897,5124234,4828379,3125203,1365331,334944,11496
cape verde,2021,587936,9869,40576,52143,53881,52634,114511,100819,64768,48901,29690,11304,7540,1276,24
cayman islands,2021,68157,660,3098,4320,3364,2894,8990,13199,12874,10250,5298,2415,708,87,0
central african republic,2021,5457165,217887,766924,859811,784828,668370,911393,485388,299450,236826,155645,58534,11533,575,1
chad,2021,17179744,699185,2518497,2710770,2259313,1841976,2756895,1795043,1248580,767103,395527,149895,34771,2159,29
chile,2021,19493184,229215,921816,1226354,1220461,1227703,3039790,3090215,2662800,2397728,1837155,1060203,463229,112669,3846
china,2021,1425893500,11501936,63287764,90508240,86629944,79508270,174028860,229977170,204141890,228613400,144414740,80093240,29252108,3894913,40972
colombia,2021,51516560,728293,2942178,3687103,3767929,4101661,8967150,8213052,6614026,5730297,3994661,2017407,676596,74670,1536
comoros,2021,821632,23262,90426,106642,94051,80095,139836,107305,74312,52622,31419,16795,4563,303,1
congo,2021,5835814,173538,673356,826500,742699,593514,904253,740414,562020,355185,177771,67614,17549,1395,6
cook islands,2021,17028,277,1125,1363,1264,1314,2325,2016,2076,2391,1692,850,302,33,0
costa rica,2021,5153959,61382,267667,358406,371604,369374,814873,838464,681056,598526,440584,244268,95245,12337,173
cote d'ivoire,2021,27478250,884803,3317245,3801504,3481787,3070808,4744253,3305755,2463279,1356691,674101,283859,84666,9336,163
croatia,2021,4060139,35075,145415,190437,203076,195813,467719,526289,550622,558904,572340,379527,204469,30029,424
cuba,2021,11256373,102559,450458,615887,609536,634321,1419553,1538520,1527558,1946454,1190483,800020,349118,69675,2231
curacao,2021,190348,2144,8057,11070,11855,13504,30948,24569,22494,25812,22070,13157,4214,448,6
cyprus,2021,1244193,12964,53652,67831,64397,63027,161607,229899,186461,155688,124565,82186,35839,5961,116
czechia,2021,10510748,105332,445250,550571,580877,491232,1068917,1408545,1736686,1356283,1283956,1038142,379617,64572,768
democratic republic of congo,2021,95894120,3813316,13884620,14759267,12157540,9928171,15304682,10355371,6655303,4611647,2749281,1330064,325233,19552,74
denmark,2021,5854246,62495,247800,300796,335255,343281,778822,704334,741466,804888,669806,578432,241200,44409,1262
djibouti,2021,1105562,23731,92642,112129,111686,114225,197696,160322,129887,85822,47562,23741,5738,379,2
dominica,2021,72435,951,3699,4588,5146,5647,13014,11032,8876,9244,5956,3003,1158,119,2
dominican republic,2021,11117873,200802,814622,1026252,1000131,975215,1889973,1635016,1325175,1045074,708317,331217,140151,24843,1085
ecuador,2021,17797736,296920,1195509,1555774,1596586,1567546,3123956,2750292,2129950,1613411,1096927,605741,228745,35373,1005
egypt,2021,109262184,2435522,9932934,12858653,10885100,9645274,17634140,16529556,12310635,8713415,5341115,2347113,580485,47915,324
el salvador,2021,6314165,100357,407482,555113,563674,585109,1260983,855044,708186,554761,380546,232699,94371,15363,477
equatorial guinea,2021,1634473,47635,182057,210316,193615,137416,260708,259186,159364,101668,54251,21658,5874,698,27
eritrea,2021,3620324,100224,385670,479528,474806,434079,628516,392885,293995,211775,127994,70393,19370,1089,0
estonia,2021,1328704,13801,56878,71276,76872,65882,136967,197275,182524,170837,164265,112175,66863,12912,177
eswatini,2021,1192273,28063,112005,141099,136475,122728,216364,184195,107505,70035,46622,21523,5154,495,10
ethiopia,2021,120283020,3754003,14043905,15619293,14649104,13464470,21979042,14911427,9580053,6387491,3659078,1768393,437558,28979,229
europe (un),2021,745173760,6881596,29623340,40727896,40706480,38470976,83254584,104459560,104099960,103272700,92337750,61300028,33231192,6660029,147662
faeroe islands,2021,52915,749,2912,3620,3654,3711,6004,6503,6526,6745,5700,4425,1884,477,5
falkland islands,2021,3786,43,169,237,223,217,416,556,658,633,348,174,101,11,0
fiji,2021,924615,17646,71879,90364,87443,79548,148559,142260,111639,87453,58718,22927,5788,386,5
finland,2021,5535982,46791,196852,297166,313318,300451,657359,721068,670529,709066,710315,590315,265225,56507,1020
france,2021,64531450,657766,2750145,3801478,4001904,3908921,7156695,7841917,8283380,8411901,7712098,5955078,3121715,901539,26912
french guiana,2021,297462,7439,28724,30852,29072,28275,46060,36702,35384,27842,17402,7508,1988,212,2
french polynesia,2021,304038,3872,16093,22122,23916,22806,44027,48421,40012,38565,25702,13210,4713,559,20
gabon,2021,2341185,61906,244621,292835,253371,214699,385876,354360,245915,147869,84216,40950,12989,1535,43
gambia,2021,2639922,84971,327380,388727,347354,291806,439817,304695,211984,137849,66682,29239,8685,729,4
georgia,2021,3757984,49238,211888,279002,252591,209901,460127,553889,483079,474940,426915,224189,119124,12993,108
germany,2021,83408560,764994,3206318,3859741,3740453,3861502,9465635,10874805,10027240,13198720,10854830,7410269,5196098,928096,19855
ghana,2021,32833036,878148,3427973,4192077,3733712,3345173,5438816,4668172,3279186,1976797,1256840,483705,141804,10585,49
gibraltar,2021,32698,350,1452,1923,1867,1893,3919,3846,4247,4453,3921,2982,1443,383,19
greece,2021,10445368,80566,352665,484005,551407,548116,1090782,1216272,1563228,1526697,1291288,1024614,601719,111826,2183
greenland,2021,56266,809,3322,3825,3796,3509,8389,8585,6050,8954,6091,2281,596,59,0
grenada,2021,124624,1978,8094,10211,9714,8709,19427,21759,13687,12844,10111,4978,2628,475,9
guadeloupe,2021,396057,4422,17737,24898,25716,28679,53464,31481,44906,60302,49387,33623,16337,4741,364
guam,2021,170546,2752,11383,15787,14928,13639,25030,18921,18796,21135,15424,8777,3257,681,36
guatemala,2021,17608484,368640,1558718,1969549,1901513,1885532,3397720,2540709,1683024,1051278,703113,369757,146208,31591,1131
guernsey,2021,63092,604,2435,3368,3759,3971,8860,8559,8626,9029,6175,4923,2273,480,30
guinea,2021,13531909,440647,1655934,1884091,1680196,1465567,2457551,1601306,960968,686380,427870,206576,60294,4507,22
guinea-bissau,2021,2060730,61311,233862,283500,257198,225586,354689,270492,183118,98429,60882,25123,5993,539,8
guyana,2021,804571,15972,63080,76992,74967,73295,147924,103910,92456,77344,49110,21441,6887,1139,54
haiti,2021,11447575,259443,1017494,1233963,1193318,1142663,2083203,1723949,1179373,805959,512777,233175,59147,3108,3
high-income countries,2021,1245565600,12149056,51136270,68251490,70581740,69568510,153117420,168665300,171312480,168387040,145102530,102677670,52212024,12000079,403931
honduras,2021,10278346,213746,842640,1033948,1052110,1071404,1977388,1571799,1152227,689747,426950,191597,50256,4498,36
hong kong,2021,7494580,47160,265091,305623,294492,266697,801514,1102747,1137271,1195938,1083745,590320,308536,90039,5407
hungary,2021,9709784,92629,375781,461678,483019,489816,1132783,1253663,1581836,1258949,1255042,879517,376812,67237,1021.99994
iceland,2021,370338,4553,17450,22591,24397,22391,54967,55351,48599,43840,38638,24693,10363,2461,44
india,2021,1407563900,22600596,92706830,120955410,125306400,128411740,246912060,218841600,174184980,131806584,89232770,41709948,13179305,1676180,39419
indonesia,2021,273753180,4435250,17979068,23704578,23623800,22219920,43068230,41442532,38094030,29965912,18151532,8300174,2572599,194014,1551
iran,2021,87923430,1210915,5685129,7542020,6497489,5696807,12379827,17453672,12689736,8847438,6105772,2858334,871731,83997,567
iraq,2021,43533590,1164101,4526592,5791566,5113145,4496119,7689413,5597762,4179405,2792014,1340437,662838,168909,11221,70
ireland,2021,4986525,59234,245456,331805,356481,326192,603915,680241,764853,616216,491243,340768,140787,28376,958
isle of man,2021,84286,692,2840,4242,4789,4402,8701,9829,11107,13298,10754,8797,3925,858,52
israel,2021,8900057,174648,715220,855496,761768,695749,1241888,1164653,1064314,804569,692652,461949,211928,53190,2033
italy,2021,59240336,409937,1750983,2525488,2808585,2846993,6010341,6718736,8603174,9518929,7530200,5993352,3686251,819465,17903
jamaica,2021,2827701,32861,136395,193095,211663,229360,518812,486223,374404,316631,205604,92827,27093,2708,25
japan,2021,124612530,823218,3463086,5022209,5363323,5602191,12124980,13447597,17678772,16668259,15056484,16681042,9751401,2798243,131722
jersey,2021,109634,1121,4185,5333,5547,5747,15045,16519,15805,16307,11610,7836,3770,775,34
jordan,2021,11148288,241394,953706,1216155,1224098,1063626,1989316,1646472,1256361,879550,436426,180858,55941,4344,41
kazakhstan,2021,19196468,417132,1591539,1926865,1733678,1299061,2471358,3006064,2336949,1993149,1546573,617808,236506,19630,156
kenya,2021,53005616,1414928,5498178,6694470,6744011,5981231,9348716,7253477,4766127,2913474,1461366,650054,231250,44580,3756
kiribati,2021,128883,3390,13276,15920,14030,11181,22595,18657,11973,10002,5169,2239,416,35,0
kosovo,2021,1662022,18341,77745,125078,144510,153606,273310,233292,216188,183331,128869,73620,28970,5025,137
kuwait,2021,4250111,46760,212106,331153,307610,228540,334253,734323,1053152,643065,269016,71112,17877,1132,12
kyrgyzstan,2021,6527742,156947,647843,786860,658108,527193,1087481,1006797,640222,515991,350510,102121,43254,4393,22
land-locked developing countries (lldc),2021,550846400,16591539,62618836,72207544,65301816,57633900,94680470,70774690,47491950,32236632,20034884,8620522,2439424,210925,3295
laos,2021,7425055,158809,630895,764037,749269,722715,1388995,1148423,787721,553357,335202,141376,39800,4318,138
latin america and the caribbean (un),2021,656098100,9661352,40078330,52114870,52702180,53221780,107053940,100479140,85616620,69049050,48489804,26257320,9863803,1467247,42666
latvia,2021,1873926,16546,76765,101061,98457,91167,184626,259497,246872,260123,247578,171100,101941,17862,331
least developed countries,2021,1099568600,33029824,124402984,141824580,129314140,116558140,190038960,140417360,96822060,64598796,39584016,17936508,4669531,367708,3961
lebanon,2021,5592626,83772,361363,554694,544764,493116,809035,697026,648423,618588,432047,242409,94103,13156,130
lesotho,2021,2281464,56628,218177,261854,241288,228688,423804,351641,209930,139076,93066,41316,14103,1855,38
less developed regions,2021,6633179000,119277530,488487940,613334850,588076300,553563650,1044786500,991462500,803870660,679292600,442464740,222448940,76053970,9853871,205145
"less developed regions, excluding china",2021,5175244300,107534820,424117150,521411460,500145060,472623040,866693250,756634100,594624960,445794430,293805000,140175650,45804076,5729415,152104
"less developed regions, excluding least developed countries",2021,5533610500,86247704,364084960,471510240,458762100,437005500,854747500,851045200,707048600,614693760,402880740,204512450,71384430,9486164,201184
liberia,2021,5193422,154797,590557,714326,670269,580108,844139,616024,472643,284812,161959,81961,20809,1017,1
libya,2021,6735280,119904,494499,651319,677827,631263,1054680,966440,989538,644696,293191,153992,52592,5284,55
liechtenstein,2021,39058,353,1520,1889,1922,1955,4459,5033,5389,6397,5019,3501,1411,207,3
lithuania,2021,2786652,26746,113142,146131,137067,126655,317688,365987,359582,411499,368108,241608,144131,27748,560
low-income countries,2021,718255100,23797760,88655830,100093710,89774220,78073030,122725000,85217010,56889810,37673184,22090840,10374882,2690653,196638,2510
lower-middle-income countries,2021,3396756500,67773864,269448420,335979360,326447100,312753630,573912800,505815940,396275200,293009500,194366750,89646560,28089624,3173458,64226.996
luxembourg,2021,639330,6582,26798,34370,33991,33340,86084,101152,95008,91491,65041,40039,20748,4590,96
macao,2021,686616,7380,32561,34005,26392,26545,102215,130403,99695,99423,77833,32057,14435,3523,149
madagascar,2021,28915652,862836,3288122,3745012,3496212,3086331,5143962,3519950,2571643,1671668,1003740,411197,106479,8443,57
malawi,2021,19889742,633160,2400944,2849930,2699504,2344013,3416741,2463352,1539622,764893,411488,250980,98130,16154,830
malaysia,2021,33573870,508935,2063126,2611168,2525865,2698538,5830052,5906820,4346467,3352296,2279681,1087638,323358,38525,1403
maldives,2021,521469,7393,30621,39116,36122,30830,95568,127163,72082,43838,23638,9841,4640,589,28
mali,2021,21904990,862041,3142132,3435887,2941496,2424862,3408907,2398882,1594884,873199,514558,256470,50207,1465,0
malta,2021,526751,4668,18875,23617,22027,21681,77290,95115,73515,59243,59416,47948,19456,3741,159
marshall islands,2021,42074,830,3589,4880,4658,3464,5469,6737,5532,3849,2244,713,96,13,0
martinique,2021,368799,3491,14369,19689,22099,24073,42141,30996,41620,60552,52019,34591,18528,4431,200
mauritania,2021,4614981,146269,548409,641447,602609,502816,769167,544645,371923,250613,149260,67113,18610,2073,27
mauritius,2021,1298922,13280,53116,69401,80312,94332,195937,184931,189472,179161,142394,69681,22904,3901,100
mayotte,2021,316022,10581,43158,46629,40366,31288,43422,39336,28986,17885,9193,3819,1193,164,2
mexico,2021,126705140,1902031,7990482,10783550,10940840,10872214,20844146,18810196,16548413,12924942,8488959,4431869,1804518,353730,9248
micronesia (country),2021,113143,2297,9066,11420,11943,11742,21615,13935,10807,9557,7299,2794,618,50,0
moldova,2021,3061509,37941,164530,216297,187596,166896,387131,510275,399812,362522,382741,177640,59921,8057,150
monaco,2021,36713,322,1324,1614,1440,1457,3173,3124,3399,4841,5279,4650,3803,1899,388
mongolia,2021,3347782,71912,308077,394218,311518,222633,481466,558126,425882,317545,170699,60713,22140,2797,56
montenegro,2021,627856,7019,29786,38054,39295,38250,81848,87054,85071,79715,75541,42760,20526,2869,68
montserrat,2021,4438,41,155,140,259,299,633,490,610,756,574,364,108,9,0
more developed regions,2021,1276116100,12131654,51580160,70276960,71857970,69997190,149742000,173744860,172536530,172064370,155602420,108042210,55781624,12370101,388021
morocco,2021,37076588,644114,2641187,3420315,3250386,3004655,5767737,5609362,4744171,3726404,2698461,1215497,326581,27554,163
mozambique,2021,32077074,1116415,4143936,4666334,4086069,3497082,5488820,3721585,2492248,1519774,891854,371630,76637,4651,39
myanmar,2021,53798090,896497,3594897,4425771,4468798,4600328,8887221,8406908,7219621,5647133,3653119,1566015,403996,27718,68
namibia,2021,2530150,67751,264822,312023,271468,238007,465216,348968,239251,166092,95558,45519,13413,1986,76
nauru,2021,12533,341,1370,1707,1445,1130,2073,1897,1203,807,424,115,21,0,0
nepal,2021,30034988,596958,2354771,2926922,2949183,3222071,5941431,4050324,3027088,2268381,1610348,861307,211397,14608,200
netherlands,2021,17501696,176640,689052,895832,951704,1022109,2252822,2189660,2139378,2545372,2159458,1636294,710950,129967,2458
new caledonia,2021,287809,4133,16851,22173,21549,21457,39648,42537,39991,35496,23259,13896,5828,945,46
new zealand,2021,5129730,63745,246489,323701,335105,319227,719267,724000,634315,651440,546821,368939,160913,34524,1244
nicaragua,2021,6850546,139141,558664,693329,669365,649901,1273855,1046181,775746,513507,315006,157789,54436,3602,24
niger,2021,25252722,1087181,3884995,4030483,3347093,2724517,3884337,2494195,1681268,1118363,670010,276570,52236,1474,0
nigeria,2021,213401330,7435960,27394836,30567688,26974484,22929126,34481990,24763204,17740042,10972425,6536573,2922351,649196,33272,172
niue,2021,1957,27,118,182,187,131,176,222,286,208,235,114,70,1,0
north korea,2021,25971910,340427,1359431,1619406,1601969,1728235,3868881,3637787,3550425,3867801,2340901,1453294,558380,44426,547
north macedonia,2021,2103329,20111,85359,116369,116077,123572,289701,324706,303642,280195,248833,142454,47869,4405,36
northern america (un),2021,375278940,4064492,17008376,22581546,23849568,24103100,50031240,51275656,46806820,48326896,44943370,27755316,11764499,2666815,101252
northern mariana islands,2021,49503,606,2441,3474,4219,2912,7323,3875,6191,9785,6317,1952,379,29,0
norway,2021,5403021,53544,226360,308998,327794,317303,700800,743339,716881,719579,592728,457389,192023,45067,1216
oceania (un),2021,44491724,684476,2748497,3472790,3372007,3143760,6662269,6476368,5386202,4823392,3832682,2536838,1093921,250986,7537
oman,2021,4520474,77049,365971,433890,333202,256301,821108,1131942,624270,273839,131534,53506,16225,1614,23
pakistan,2021,231402110,6093068,23511412,28809728,27065966,24780090,40973668,29858060,19991928,14845653,9795500,4483004,1133332,60678,32
palau,2021,18050,272,1036,1218,1255,1221,2454,2418,2770,2666,1782,753,189,16,0
palestine,2021,5133393,142887,568974,686415,610804,536601,920393,671762,426305,289958,172468,81005,23985,1821,15
panama,2021,4351264,76109,308716,391221,373046,357647,680114,632958,545802,448071,292936,162068,67810,13995,771
papua new guinea,2021,9949438,246278,960225,1151713,1082573,1011894,1776974,1435079,1047214,706414,363418,136232,29134,2251,39
paraguay,2021,6703802,136592,545041,649284,614587,599083,1207093,1040406,723944,566857,356703,186832,64915,12036,429
peru,2021,33715464,589314,2327855,2925902,3034236,2883306,5535533,5075876,4181149,3143160,2197433,1269371,495598,55684,1047
philippines,2021,113880340,2430020,9492948,11571833,11394467,10761151,19910488,16152133,12906925,9679162,6142741,2640846,729039,67391,1190
poland,2021,38307724,367056,1541354,1904399,2074817,1807585,4296016,5986350,5855520,4616280,5173166,3018258,1385602,277160,4160
portugal,2021,10290109,82668,349938,440766,499666,534754,1114314,1206569,1557957,1490557,1319368,1010501,575042,105671,2338
puerto rico,2021,3256030,26442,100212,149303,168496,185373,403674,378713,427758,458120,442136,334980,145278,33012,2533
qatar,2021,2688239,27562,117669,150700,127975,77282,468652,897862,525439,212902,65198,12873,3772,351,2
reunion,2021,966132,14063,57888,75759,75503,77045,128517,110918,119083,131152,95531,52214,23553,4645,261
romania,2021,19328558,196252,832930,1013168,1055395,1028074,2056836,2633681,2998087,2649916,2412691,1564379,776306,110091,752
russia,2021,145102750,1418044,6472258,9532623,8288714,7342447,15375599,24553230,20966060,18362988,18450818,8719036,4829658,780686,10597
rwanda,2021,13461891,390887,1497746,1721340,1625244,1494839,2333461,1911417,1115474,678544,457390,175863,53146,6349,191
saint barthelemy,2021,10888,87,385,520,462,400,1714,1949,1798,1838,1015,464,224,30,2
saint helena,2021,5428,42,179,277,260,198,421,532,629,941,898,756,247,47,1
saint kitts and nevis,2021,47631,581,2425,3137,3275,3162,7248,7738,6627,6006,4792,1777,698,162,3
saint lucia,2021,179663,2056,8397,10612,11801,12997,31432,29198,25305,23024,14553,7378,2575,333,2
saint martin (french part),2021,31964,499,1823,2127,2723,2011,2967,4186,4966,5349,3396,1462,398,51,6
saint pierre and miquelon,2021,5905,45,222,374,374,323,481,744,970,979,697,424,227,44,1
saint vincent and the grenadines,2021,104340,1343,5696,8081,7929,7477,16019,14407,13975,12721,9395,4691,2165,425,16
samoa,2021,218781,5883,23316,28372,24948,20898,34608,24425,21871,17004,10840,4836,1600,178,2
san marino,2021,33772,204,889,1565,1767,1696,3323,3656,5430,6090,4322,2904,1552,365,9
sao tome and principe,2021,223118,6190,24189,30725,28224,25086,33998,26996,21402,13340,7747,3573,1523,125,0
saudi arabia,2021,35950396,637710,2549081,3178037,3047159,2687478,5396663,6336675,6729765,3615823,1259233,348892,147296,16340,243
senegal,2021,16876726,534567,2036198,2367973,2109073,1805945,2824049,2105041,1416231,856207,508533,248960,61641,2307,1
serbia,2021,7296771,67829,277370,355420,340528,373839,811002,1000735,1088888,995709,951271,688853,304830,40040,457
seychelles,2021,106486,1640,6872,8299,7844,7004,15680,16422,16310,12909,8369,3481,1384,265,7
sierra leone,2021,8420642,249995,938075,1101306,1027500,922949,1488204,1058270,729015,480495,273550,122233,27456,1583,11
singapore,2021,5941063,41960,204045,226176,240340,258068,829327,908006,969325,963999,840989,322582,113366,22217,663
sint maarten (dutch part),2021,44061,320,955,1214,2671,4646,8040,322,6552,11362,5926,1861,185,7,0
slovakia,2021,5447621,54840,234513,288659,287128,263499,624188,832067,873452,700700,685466,414728,160202,27840,339
slovenia,2021,2119408,19288,81508,109166,111944,95959,221076,284413,316942,301482,280904,183303,94793,18333,297
small island developing states (sids),2021,73767220,1240633,5004421,6254356,6114206,5953340,11800486,10834665,9017149,7988374,5452117,2837779,1069927,191934,7832
solomon islands,2021,707855,20689,80585,94593,82580,72048,117812,88845,67502,45034,23242,11463,3137,323,2
somalia,2021,17065588,696080,2504052,2661918,2201821,1849447,2757279,1762290,1169483,754142,466171,195981,44136,2766,23
south africa,2021,59392256,1161080,4651578,5706008,5510852,4711326,9997451,10622066,6334426,5536812,2903842,1627168,521331,104520,3797
south korea,2021,51830136,291366,1359963,2223013,2289481,2368433,6893319,7019152,8164636,8574747,6906053,3659500,1778684,293318,8473
south sudan,2021,10748278,295787,1190051,1769745,1550368,1307675,1441259,1044165,1005123,637633,337005,140120,28626,720,1
spain,2021,47486932,351137,1545835,2270610,2531357,2467017,4953692,5885297,7792258,7183384,5577247,4043746,2294061,577353,13938
sri lanka,2021,21773438,304804,1257467,1705857,1786503,1748056,3096034,2929683,2900376,2503722,2027542,1144202,331480,37079,633
sudan,2021,45657204,1477255,5606714,6203554,5471129,4607870,7805974,6018564,3688091,2286721,1662418,683028,132780,12974,132
suriname,2021,612989,10960,43334,53730,54305,55031,98699,88111,74547,65997,40734,19023,7250,1220,48
sweden,2021,10467095,114049,481427,627864,630806,594097,1293600,1426907,1304613,1320720,1107543,1013513,451681,97742,2533
switzerland,2021,8691409,85820,350674,441525,431401,420311,1025208,1243834,1201684,1300832,983365,741350,380011,83601,1793
syria,2021,21324366,413623,1478823,2255774,2893826,2682567,3658750,2485554,2310456,1616374,943995,445239,126333,12963,90
taiwan,2021,23859904,186239,785398,1075526,980374,1139104,3160639,3618036,3866806,3589358,3083418,1557695,674814,135985,6513
tajikistan,2021,9750078,255563,1013461,1232718,1048522,896864,1685817,1448274,898965,690650,408012,122639,44054,4509,30
tanzania,2021,63588332,2216127,8321177,9140131,8051756,6979257,10243480,7508868,5170204,2955299,1816278,928719,232040,24403,594
thailand,2021,71601100,646441,2732588,3860904,4073313,4146021,9794190,10261938,10218601,10703940,8457481,4335041,1920116,421693,28840
timor,2021,1320944,31933,125376,153936,154967,157055,249021,164662,106129,80763,51571,36508,8259,759,5
togo,2021,8644829,263971,1006462,1156989,1051987,901784,1438495,1091951,790976,506690,290238,123179,21460,647,0
tokelau,2021,1869,35,135,164,211,171,277,223,207,208,130,67,38,3,0
tonga,2021,106034,2425,9758,12454,12067,11217,16817,12597,10434,8740,5262,2909,1209,145,0
trinidad and tobago,2021,1525671,17760,74563,100214,101907,97687,203089,267082,225860,184450,151172,74034,23263,4430,160
tunisia,2021,12262949,197361,837461,1080047,940904,841229,1711793,1937895,1677842,1399296,970405,475578,172883,19994,261
turkey,2021,84775410,1245243,5364555,6839954,6455949,6310658,13571382,13310585,11770743,9467551,6020017,3209631,1087145,119841,2151
turkmenistan,2021,6341850,134016,553726,702569,589406,495157,1047644,1010624,700168,568926,376073,121030,39371,3128,12
turks and caicos islands,2021,45141,554,2144,2318,2542,2494,6126,7759,8006,6331,3946,1916,840,163,2
tuvalu,2021,11229,259,991,1177,1121,947,1876,1549,994,1097,830,289,92,7,0
uganda,2021,45853780,1626930,6062760,6851144,6181238,5463717,8521987,5093814,2937794,1803914,919723,328782,57704,4161,110
ukraine,2021,43531424,335939,1461864,2386781,2442371,2042914,4696661,7190630,6441059,5878976,5599666,3082821,1712302,253672,5766
united arab emirates,2021,9365149,97100,385050,499020,436997,306848,1790582,2992659,1818059,731611,213431,55494,34298,3971,29
united kingdom,2021,67281040,679052,2972601,4106834,4124157,3751467,8472832,8968413,8365010,9139108,7368672,5878974,2795296,637794,20827
united states,2021,336997630,3689268,15475148,20549332,21764846,22044984,44924330,45928188,41901384,43182440,40098816,24621928,10395926,2331305,89739
united states virgin islands,2021,100100,1154,4893,6578,6638,5362,9895,10995,12652,14609,13651,10030,3202,433,8
upper-middle-income countries,2021,2519863600,27233976,128833900,176510640,170255600,160524320,340775700,401680000,348316640,349235140,234351700,126700050,48491404,6832074,122451
uruguay,2021,3426265,35505,159488,235536,235423,242758,508574,461298,445863,395848,326400,220401,121085,35200,2886
uzbekistan,2021,34081452,808376,3038661,3366765,3034822,2575923,5716015,5606796,4027193,3059540,1942106,660285,225403,19515,50
vanuatu,2021,319146,9195,36055,43274,37904,30404,52622,43075,28606,19560,11309,4879,1969,290,4
venezuela,2021,28199862,444172,1951761,2723693,2824479,2595212,3903186,3708418,3513984,2982785,2111144,1072609,347128,21256,36
vietnam,2021,97468024,1453563,5914593,7496645,7109512,6997474,14810058,15962702,14035108,10554365,8071058,3464398,1352962,239192,6395
wallis and futuna,2021,11654,138,615,919,1042,1010,1241,1287,1748,1496,1140,704,283,31,0
western sahara,2021,565590,9317,37636,47161,44986,40545,83827,108075,86425,56161,34501,13908,2806,230,12
world,2021,7909295000,131409180,540068100,683611800,659934300,623560800,1194528500,1165207300,976407200,851356900,598067140,330491170,131835590,22223974,593166
yemen,2021,32981644,969879,3744180,4415672,4020745,3559669,6170019,4617695,2631620,1492683,817742,423662,111419,6651,8
zambia,2021,19473132,644396,2428503,2810416,2541220,2156169,3381339,2484510,1601859,845320,394284,146642,35298,3124,53
zimbabwe,2021,15993525,472443,1827269,2239285,2001285,1787185,2749147,2104434,1371770,658660,468255,241961,62227,9367,237
